dataset,attack,target_model,clean_accuracy,robust_accuracy,model_robust_accuracy
MNIST,PGD,ResNet18,0.96484375,0.5653076171875,0.37109375
MNIST,FGSM,ResNet18,0.96484375,0.7984619140625,0.3046875
KMNIST,PGD,ResNet18,0.9296875,0.0640869140625,0.07421875
KMNIST,FGSM,ResNet18,0.921875,0.6251220703125,0.203125
